Timestamp,Object_Label,Confidence
2025-11-28 08:11:37.157673,person,0.91
2025-11-28 08:11:37.157673,person,0.71
2025-11-28 08:11:37.289850,person,0.86
2025-11-28 08:11:37.290848,person,0.75
2025-11-28 08:11:37.350728,person,0.86
2025-11-28 08:11:37.350728,person,0.72
2025-11-28 08:11:37.408460,person,0.87
2025-11-28 08:11:37.408460,person,0.77
2025-11-28 08:11:37.466599,person,0.86
2025-11-28 08:11:37.466599,person,0.76
2025-11-28 08:11:37.534984,person,0.88
2025-11-28 08:11:37.535984,person,0.76
2025-11-28 08:11:37.597617,person,0.87
2025-11-28 08:11:37.598629,person,0.76
2025-11-28 08:11:37.655786,person,0.88
2025-11-28 08:11:37.657289,person,0.74
2025-11-28 08:11:37.713612,person,0.89
2025-11-28 08:11:37.723450,person,0.78
2025-11-28 08:11:37.784666,person,0.89
2025-11-28 08:11:37.785662,person,0.74
2025-11-28 08:11:37.842330,person,0.87
2025-11-28 08:11:37.842330,person,0.67
2025-11-28 08:11:37.897525,person,0.87
2025-11-28 08:11:37.898530,person,0.67
2025-11-28 08:11:37.955646,person,0.87
2025-11-28 08:11:37.956647,person,0.63
2025-11-28 08:11:38.012003,person,0.88
2025-11-28 08:11:38.012998,person,0.63
2025-11-28 08:11:38.080053,person,0.88
2025-11-28 08:11:38.081060,person,0.63
2025-11-28 08:11:38.135865,person,0.89
2025-11-28 08:11:38.137369,person,0.64
2025-11-28 08:11:38.194598,person,0.88
2025-11-28 08:11:38.196102,person,0.55
2025-11-28 08:11:38.253103,person,0.89
2025-11-28 08:11:38.253103,person,0.61
2025-11-28 08:11:38.309780,person,0.89
2025-11-28 08:11:38.310995,person,0.61
2025-11-28 08:11:38.368675,person,0.90
2025-11-28 08:11:38.369675,person,0.56
2025-11-28 08:11:38.425793,person,0.90
2025-11-28 08:11:38.480480,person,0.88
2025-11-28 08:11:38.535870,person,0.86
2025-11-28 08:11:38.591024,person,0.88
2025-11-28 08:11:38.648646,person,0.89
2025-11-28 08:11:38.704353,person,0.87
2025-11-28 08:11:38.761983,person,0.87
2025-11-28 08:11:38.818633,person,0.89
2025-11-28 08:11:38.884230,person,0.88
2025-11-28 08:11:38.884230,person,0.58
2025-11-28 08:11:38.941067,person,0.88
2025-11-28 08:11:38.942065,person,0.51
2025-11-28 08:11:39.007694,person,0.88
2025-11-28 08:11:39.008699,person,0.51
2025-11-28 08:11:39.071953,person,0.89
2025-11-28 08:11:39.072954,person,0.57
2025-11-28 08:11:39.129097,person,0.88
2025-11-28 08:11:39.129097,person,0.57
2025-11-28 08:11:39.197727,person,0.89
2025-11-28 08:11:39.197727,person,0.53
2025-11-28 08:11:39.256772,person,0.88
2025-11-28 08:11:39.256772,person,0.54
2025-11-28 08:11:39.322798,person,0.89
2025-11-28 08:11:39.323801,person,0.54
2025-11-28 08:11:39.380284,person,0.88
2025-11-28 08:11:39.381282,person,0.58
2025-11-28 08:11:39.446450,person,0.89
2025-11-28 08:11:39.447450,person,0.58
2025-11-28 08:11:39.503089,person,0.88
2025-11-28 08:11:39.503089,person,0.50
2025-11-28 08:11:39.559139,person,0.89
2025-11-28 08:11:39.559139,person,0.60
2025-11-28 08:11:39.614569,person,0.89
2025-11-28 08:11:39.683705,person,0.89
2025-11-28 08:11:39.684704,person,0.56
2025-11-28 08:11:39.746713,person,0.89
2025-11-28 08:11:39.747708,person,0.55
2025-11-28 08:11:39.802533,person,0.90
2025-11-28 08:11:39.803532,person,0.57
2025-11-28 08:11:39.859167,person,0.89
2025-11-28 08:11:39.860168,person,0.51
2025-11-28 08:11:39.918773,person,0.91
2025-11-28 08:11:39.918773,person,0.56
2025-11-28 08:11:39.973150,person,0.90
2025-11-28 08:11:39.974150,person,0.60
2025-11-28 08:11:40.028763,person,0.90
2025-11-28 08:11:40.029771,person,0.54
2025-11-28 08:11:40.083895,person,0.90
2025-11-28 08:11:40.084895,person,0.60
2025-11-28 08:11:40.154184,person,0.90
2025-11-28 08:11:40.154184,person,0.55
2025-11-28 08:11:40.218641,person,0.90
2025-11-28 08:11:40.218641,person,0.55
2025-11-28 08:11:40.274716,person,0.90
2025-11-28 08:11:40.330906,person,0.91
2025-11-28 08:11:40.387560,person,0.85
2025-11-28 08:11:40.442082,person,0.87
2025-11-28 08:11:40.514946,person,0.87
2025-11-28 08:11:40.569793,person,0.86
2025-11-28 08:11:40.627131,person,0.85
2025-11-28 08:11:40.681784,person,0.87
2025-11-28 08:11:40.738419,person,0.86
2025-11-28 08:11:40.739419,person,0.55
2025-11-28 08:11:40.796586,person,0.88
2025-11-28 08:11:40.850732,person,0.87
2025-11-28 08:11:40.851733,person,0.55
2025-11-28 08:11:40.906120,person,0.87
2025-11-28 08:11:40.907625,person,0.54
2025-11-28 08:11:40.964806,person,0.87
2025-11-28 08:11:40.965805,person,0.56
2025-11-28 08:11:41.030469,person,0.87
2025-11-28 08:11:41.031468,person,0.51
2025-11-28 08:11:41.086118,person,0.89
2025-11-28 08:11:41.140760,person,0.85
2025-11-28 08:11:41.141759,person,0.65
2025-11-28 08:11:41.198930,person,0.90
2025-11-28 08:11:41.199930,person,0.65
2025-11-28 08:11:41.270122,person,0.90
2025-11-28 08:11:41.271123,person,0.66
2025-11-28 08:11:41.325825,person,0.91
2025-11-28 08:11:41.327332,person,0.65
2025-11-28 08:11:41.383944,person,0.90
2025-11-28 08:11:41.384944,person,0.66
2025-11-28 08:11:41.442079,person,0.88
2025-11-28 08:11:41.446078,person,0.66
2025-11-28 08:11:41.501736,person,0.89
2025-11-28 08:11:41.501736,person,0.66
2025-11-28 08:11:41.555854,person,0.88
2025-11-28 08:11:41.555854,person,0.67
2025-11-28 08:11:41.626497,person,0.89
2025-11-28 08:11:41.687600,person,0.86
2025-11-28 08:11:41.745147,person,0.87
2025-11-28 08:11:41.814302,person,0.88
2025-11-28 08:11:41.815304,person,0.86
2025-11-28 08:11:41.870497,person,0.89
2025-11-28 08:11:41.870497,person,0.82
2025-11-28 08:11:41.924719,person,0.89
2025-11-28 08:11:41.925724,person,0.83
2025-11-28 08:11:41.982614,person,0.89
2025-11-28 08:11:41.983610,person,0.85
2025-11-28 08:11:42.042288,person,0.90
2025-11-28 08:11:42.042288,person,0.82
2025-11-28 08:11:42.097976,person,0.89
2025-11-28 08:11:42.097976,person,0.82
2025-11-28 08:11:42.153715,person,0.90
2025-11-28 08:11:42.154712,person,0.84
2025-11-28 08:11:42.214525,person,0.90
2025-11-28 08:11:42.215821,person,0.86
2025-11-28 08:11:42.273007,person,0.93
2025-11-28 08:11:42.274007,person,0.80
2025-11-28 08:11:42.327798,person,0.93
2025-11-28 08:11:42.328798,person,0.85
2025-11-28 08:11:42.385388,person,0.93
2025-11-28 08:11:42.385388,person,0.81
2025-11-28 08:11:42.442030,person,0.94
2025-11-28 08:11:42.443026,person,0.83
2025-11-28 08:11:42.499330,person,0.92
2025-11-28 08:11:42.499330,person,0.89
2025-11-28 08:11:42.551943,person,0.92
2025-11-28 08:11:42.553276,person,0.91
2025-11-28 08:11:42.607382,person,0.92
2025-11-28 08:11:42.608387,person,0.91
2025-11-28 08:11:42.662608,person,0.91
2025-11-28 08:11:42.663608,person,0.90
2025-11-28 08:11:42.721854,person,0.91
2025-11-28 08:11:42.722855,person,0.89
2025-11-28 08:11:42.778532,person,0.92
2025-11-28 08:11:42.779532,person,0.89
2025-11-28 08:11:42.835657,person,0.92
2025-11-28 08:11:42.836651,person,0.89
2025-11-28 08:11:42.890402,person,0.93
2025-11-28 08:11:42.891402,person,0.89
2025-11-28 08:11:42.947727,person,0.93
2025-11-28 08:11:42.948732,person,0.91
2025-11-28 08:11:43.008996,person,0.93
2025-11-28 08:11:43.009999,person,0.88
2025-11-28 08:11:43.065130,person,0.92
2025-11-28 08:11:43.065130,person,0.90
2025-11-28 08:11:43.135949,person,0.89
2025-11-28 08:11:43.135949,person,0.84
2025-11-28 08:11:43.195160,person,0.89
2025-11-28 08:11:43.195160,person,0.87
2025-11-28 08:11:43.251242,person,0.82
2025-11-28 08:11:43.252242,person,0.74
2025-11-28 08:11:43.304636,person,0.83
2025-11-28 08:11:43.305636,person,0.77
2025-11-28 08:11:43.370306,person,0.84
2025-11-28 08:11:43.371311,person,0.74
2025-11-28 08:11:43.433966,person,0.85
2025-11-28 08:11:43.433966,person,0.80
2025-11-28 08:11:43.488579,person,0.85
2025-11-28 08:11:43.489581,person,0.83
2025-11-28 08:11:43.545854,person,0.88
2025-11-28 08:11:43.545854,person,0.85
2025-11-28 08:11:43.636552,person,0.85
2025-11-28 08:11:43.638056,person,0.83
2025-11-28 08:11:43.693635,person,0.87
2025-11-28 08:11:43.694634,person,0.85
2025-11-28 08:11:43.749668,person,0.89
2025-11-28 08:11:43.750665,person,0.85
2025-11-28 08:11:43.805278,person,0.88
2025-11-28 08:11:43.806279,person,0.87
2025-11-28 08:11:43.860576,person,0.87
2025-11-28 08:11:43.861576,person,0.83
2025-11-28 08:11:43.917736,person,0.85
2025-11-28 08:11:43.917736,person,0.84
2025-11-28 08:11:43.975800,person,0.88
2025-11-28 08:11:43.975800,person,0.88
2025-11-28 08:11:44.029910,person,0.87
2025-11-28 08:11:44.030909,person,0.87
2025-11-28 08:11:44.084361,person,0.87
2025-11-28 08:11:44.085361,person,0.84
2025-11-28 08:11:44.155558,person,0.87
2025-11-28 08:11:44.156558,person,0.86
2025-11-28 08:11:44.218977,person,0.87
2025-11-28 08:11:44.218977,person,0.87
2025-11-28 08:11:44.273396,person,0.87
2025-11-28 08:11:44.274396,person,0.86
2025-11-28 08:11:44.349549,person,0.87
2025-11-28 08:11:44.350053,person,0.87
2025-11-28 08:11:44.407670,person,0.87
2025-11-28 08:11:44.408678,person,0.86
2025-11-28 08:11:44.471722,person,0.86
2025-11-28 08:11:44.471722,person,0.84
2025-11-28 08:11:44.532930,person,0.87
2025-11-28 08:11:44.533935,person,0.85
2025-11-28 08:11:44.588660,person,0.89
2025-11-28 08:11:44.589659,person,0.89
2025-11-28 08:11:44.646268,person,0.90
2025-11-28 08:11:44.646268,person,0.90
2025-11-28 08:11:44.703723,person,0.89
2025-11-28 08:11:44.703723,person,0.89
2025-11-28 08:11:44.757478,person,0.89
2025-11-28 08:11:44.758482,person,0.89
2025-11-28 08:11:44.814106,person,0.90
2025-11-28 08:11:44.815111,person,0.89
2025-11-28 08:11:44.871282,person,0.90
2025-11-28 08:11:44.872279,person,0.90
2025-11-28 08:11:44.932928,person,0.90
2025-11-28 08:11:44.933930,person,0.89
2025-11-28 08:11:45.001609,person,0.91
2025-11-28 08:11:45.001609,person,0.90
2025-11-28 08:11:45.056278,person,0.91
2025-11-28 08:11:45.057781,person,0.90
2025-11-28 08:11:45.111964,person,0.91
2025-11-28 08:11:45.112966,person,0.89
2025-11-28 08:11:45.168591,person,0.90
2025-11-28 08:11:45.168591,person,0.88
2025-11-28 08:11:45.224353,person,0.91
2025-11-28 08:11:45.224353,person,0.89
2025-11-28 08:11:45.282758,person,0.91
2025-11-28 08:11:45.283759,person,0.87
2025-11-28 08:11:45.339429,person,0.91
2025-11-28 08:11:45.339429,person,0.89
2025-11-28 08:11:45.409690,person,0.91
2025-11-28 08:11:45.410684,person,0.88
2025-11-28 08:11:45.467322,person,0.91
2025-11-28 08:11:45.467827,person,0.87
2025-11-28 08:11:45.521707,person,0.91
2025-11-28 08:11:45.522713,person,0.89
2025-11-28 08:11:45.582028,person,0.89
2025-11-28 08:11:45.583028,person,0.89
2025-11-28 08:11:45.639146,person,0.90
2025-11-28 08:11:45.640146,person,0.89
2025-11-28 08:11:45.696061,person,0.91
2025-11-28 08:11:45.697564,person,0.88
2025-11-28 08:11:45.755267,person,0.89
2025-11-28 08:11:45.756267,person,0.89
2025-11-28 08:11:45.809876,person,0.89
2025-11-28 08:11:45.810880,person,0.88
2025-11-28 08:11:45.882029,person,0.89
2025-11-28 08:11:45.883029,person,0.86
2025-11-28 08:11:45.948159,person,0.89
2025-11-28 08:11:45.948159,person,0.87
2025-11-28 08:11:46.004729,person,0.89
2025-11-28 08:11:46.004729,person,0.88
2025-11-28 08:11:46.061225,person,0.90
2025-11-28 08:11:46.062222,person,0.88
2025-11-28 08:11:46.132403,person,0.91
2025-11-28 08:11:46.133403,person,0.89
2025-11-28 08:11:46.191513,person,0.92
2025-11-28 08:11:46.191513,person,0.88
2025-11-28 08:11:46.249601,person,0.92
2025-11-28 08:11:46.249601,person,0.89
2025-11-28 08:11:46.313193,person,0.93
2025-11-28 08:11:46.314194,person,0.87
2025-11-28 08:11:46.369801,person,0.92
2025-11-28 08:11:46.370806,person,0.87
2025-11-28 08:11:46.424003,person,0.93
2025-11-28 08:11:46.424003,person,0.81
2025-11-28 08:11:46.479475,person,0.93
2025-11-28 08:11:46.479475,person,0.81
2025-11-28 08:11:46.535136,person,0.93
2025-11-28 08:11:46.535136,person,0.86
2025-11-28 08:11:46.592132,person,0.93
2025-11-28 08:11:46.592132,person,0.72
2025-11-28 08:11:46.646287,person,0.93
2025-11-28 08:11:46.647789,person,0.81
2025-11-28 08:11:46.702919,person,0.93
2025-11-28 08:11:46.702919,person,0.84
2025-11-28 08:11:46.759460,person,0.93
2025-11-28 08:11:46.760464,person,0.84
2025-11-28 08:11:46.823634,person,0.93
2025-11-28 08:11:46.823634,person,0.88
2025-11-28 08:11:46.879228,person,0.93
2025-11-28 08:11:46.880227,person,0.83
2025-11-28 08:11:46.947408,person,0.93
2025-11-28 08:11:46.947932,person,0.79
2025-11-28 08:11:47.005160,person,0.93
2025-11-28 08:11:47.005160,person,0.81
2025-11-28 08:11:47.070811,person,0.93
2025-11-28 08:11:47.089837,person,0.82
2025-11-28 08:11:47.146445,person,0.92
2025-11-28 08:11:47.147444,person,0.83
2025-11-28 08:11:47.216144,person,0.92
2025-11-28 08:11:47.216144,person,0.82
2025-11-28 08:11:47.273280,person,0.92
2025-11-28 08:11:47.274279,person,0.80
2025-11-28 08:11:47.327855,person,0.91
2025-11-28 08:11:47.328859,person,0.83
2025-11-28 08:11:47.383480,person,0.92
2025-11-28 08:11:47.384480,person,0.83
2025-11-28 08:11:47.451105,person,0.92
2025-11-28 08:11:47.451105,person,0.74
2025-11-28 08:11:47.506199,person,0.91
2025-11-28 08:11:47.506199,person,0.76
2025-11-28 08:11:47.562458,person,0.91
2025-11-28 08:11:47.562458,person,0.68
2025-11-28 08:11:47.618570,person,0.91
2025-11-28 08:11:47.618570,person,0.70
2025-11-28 08:11:47.737692,person,0.91
2025-11-28 08:11:47.738698,person,0.60
2025-11-28 08:11:47.791584,person,0.92
2025-11-28 08:11:47.792582,person,0.69
2025-11-28 08:11:47.852965,person,0.91
2025-11-28 08:11:47.853964,person,0.70
2025-11-28 08:11:47.908657,person,0.91
2025-11-28 08:11:47.908657,person,0.87
2025-11-28 08:11:47.965276,person,0.91
2025-11-28 08:11:47.965276,person,0.86
2025-11-28 08:11:48.021981,person,0.91
2025-11-28 08:11:48.021981,person,0.86
2025-11-28 08:11:48.091425,person,0.91
2025-11-28 08:11:48.092425,person,0.89
2025-11-28 08:11:48.147699,person,0.92
2025-11-28 08:11:48.147699,person,0.89
2025-11-28 08:11:48.203361,person,0.92
2025-11-28 08:11:48.204373,person,0.90
2025-11-28 08:11:48.259964,person,0.92
2025-11-28 08:11:48.260970,person,0.89
2025-11-28 08:11:48.315344,person,0.91
2025-11-28 08:11:48.316349,person,0.89
2025-11-28 08:11:48.371353,person,0.92
2025-11-28 08:11:48.372356,person,0.88
2025-11-28 08:11:48.429177,person,0.92
2025-11-28 08:11:48.430183,person,0.90
2025-11-28 08:11:48.485794,person,0.92
2025-11-28 08:11:48.485794,person,0.89
2025-11-28 08:11:48.542408,person,0.92
2025-11-28 08:11:48.543409,person,0.89
2025-11-28 08:11:48.599545,person,0.92
2025-11-28 08:11:48.600552,person,0.85
2025-11-28 08:11:48.658215,person,0.92
2025-11-28 08:11:48.659221,person,0.88
2025-11-28 08:11:48.716316,person,0.92
2025-11-28 08:11:48.717315,person,0.89
2025-11-28 08:11:48.771987,person,0.92
2025-11-28 08:11:48.772988,person,0.89
2025-11-28 08:11:48.828854,person,0.91
2025-11-28 08:11:48.828854,person,0.89
2025-11-28 08:11:48.884439,person,0.90
2025-11-28 08:11:48.885440,person,0.88
2025-11-28 08:11:48.941875,person,0.91
2025-11-28 08:11:48.941875,person,0.87
2025-11-28 08:11:48.996420,person,0.92
2025-11-28 08:11:48.997922,person,0.89
2025-11-28 08:11:49.063587,person,0.91
2025-11-28 08:11:49.064588,person,0.88
2025-11-28 08:11:49.120154,person,0.89
2025-11-28 08:11:49.120661,person,0.88
2025-11-28 08:11:49.175832,person,0.87
2025-11-28 08:11:49.175832,person,0.87
2025-11-28 08:11:49.234042,person,0.88
2025-11-28 08:11:49.235040,person,0.82
2025-11-28 08:11:49.289161,person,0.91
2025-11-28 08:11:49.289161,person,0.73
2025-11-28 08:11:49.358772,person,0.93
2025-11-28 08:11:49.422442,person,0.93
2025-11-28 08:11:49.484230,person,0.93
2025-11-28 08:11:49.545374,person,0.94
2025-11-28 08:11:49.600041,person,0.94
2025-11-28 08:11:49.654635,person,0.93
2025-11-28 08:11:49.707308,person,0.94
2025-11-28 08:11:49.769795,person,0.94
2025-11-28 08:11:49.830429,person,0.94
2025-11-28 08:11:49.889628,person,0.93
2025-11-28 08:11:49.945826,person,0.94
2025-11-28 08:11:50.017465,person,0.93
2025-11-28 08:11:50.071092,person,0.90
2025-11-28 08:11:50.127729,person,0.92
2025-11-28 08:11:50.189716,person,0.92
2025-11-28 08:11:50.243833,person,0.93
2025-11-28 08:11:50.334153,person,0.91
2025-11-28 08:11:50.389769,person,0.91
2025-11-28 08:11:50.445623,person,0.89
2025-11-28 08:11:50.501231,person,0.89
2025-11-28 08:11:50.555934,person,0.86
2025-11-28 08:11:50.611106,person,0.79
2025-11-28 08:11:50.667743,person,0.79
2025-11-28 08:11:50.724706,person,0.79
2025-11-28 08:11:50.782443,person,0.84
2025-11-28 08:11:50.836145,person,0.84
2025-11-28 08:11:50.889782,person,0.77
2025-11-28 08:11:50.954443,person,0.77
2025-11-28 08:11:51.010562,person,0.79
2025-11-28 08:11:51.065684,person,0.76
2025-11-28 08:11:51.121371,person,0.76
2025-11-28 08:11:51.175982,person,0.82
2025-11-28 08:11:51.235987,person,0.82
2025-11-28 08:11:51.292618,person,0.82
2025-11-28 08:11:51.360792,person,0.84
2025-11-28 08:11:51.418646,person,0.76
2025-11-28 08:11:51.418646,person,0.66
2025-11-28 08:11:51.475243,person,0.79
2025-11-28 08:11:51.476245,person,0.76
2025-11-28 08:11:51.530572,person,0.80
2025-11-28 08:11:51.530572,person,0.64
2025-11-28 08:11:51.585175,person,0.80
2025-11-28 08:11:51.585175,person,0.64
2025-11-28 08:11:51.643687,person,0.81
2025-11-28 08:11:51.644687,person,0.67
2025-11-28 08:11:51.702330,person,0.83
2025-11-28 08:11:51.702330,person,0.56
2025-11-28 08:11:51.784511,person,0.83
2025-11-28 08:11:51.785519,person,0.68
2025-11-28 08:11:51.841148,person,0.90
2025-11-28 08:11:51.842148,person,0.56
2025-11-28 08:11:51.897744,person,0.90
2025-11-28 08:11:51.898247,person,0.56
2025-11-28 08:11:51.952890,person,0.88
2025-11-28 08:11:51.952890,person,0.54
2025-11-28 08:11:52.007486,person,0.88
2025-11-28 08:11:52.007486,person,0.50
2025-11-28 08:11:52.078379,person,0.86
2025-11-28 08:11:52.078379,person,0.52
2025-11-28 08:11:52.137372,person,0.86
2025-11-28 08:11:52.193029,person,0.84
2025-11-28 08:11:52.251581,person,0.86
2025-11-28 08:11:52.308836,person,0.82
2025-11-28 08:11:52.365761,person,0.84
2025-11-28 08:11:52.366264,person,0.50
2025-11-28 08:11:52.422377,person,0.78
2025-11-28 08:11:52.423881,person,0.60
2025-11-28 08:11:52.480703,person,0.81
2025-11-28 08:11:52.480703,person,0.59
2025-11-28 08:11:52.538816,person,0.81
2025-11-28 08:11:52.539816,person,0.63
2025-11-28 08:11:52.593918,person,0.78
2025-11-28 08:11:52.594918,person,0.62
2025-11-28 08:11:52.660066,person,0.75
2025-11-28 08:11:52.661064,person,0.61
2025-11-28 08:11:52.718330,person,0.77
2025-11-28 08:11:52.774853,person,0.78
2025-11-28 08:11:52.831548,person,0.78
2025-11-28 08:11:52.832548,person,0.63
2025-11-28 08:11:52.833548,person,0.59
2025-11-28 08:11:52.895707,person,0.69
2025-11-28 08:11:52.895707,person,0.53
2025-11-28 08:11:52.896706,person,0.53
2025-11-28 08:11:52.896706,person,0.50
2025-11-28 08:11:52.953127,person,0.74
2025-11-28 08:11:52.954128,person,0.69
2025-11-28 08:11:52.954128,person,0.51
2025-11-28 08:11:53.019645,person,0.78
2025-11-28 08:11:53.019645,person,0.65
2025-11-28 08:11:53.020649,person,0.52
2025-11-28 08:11:53.072814,person,0.81
2025-11-28 08:11:53.073815,person,0.55
2025-11-28 08:11:53.130981,person,0.78
2025-11-28 08:11:53.187582,person,0.71
2025-11-28 08:11:53.243238,person,0.80
2025-11-28 08:11:53.304981,person,0.77
2025-11-28 08:11:53.368191,person,0.77
2025-11-28 08:11:53.425247,person,0.81
2025-11-28 08:11:53.480933,person,0.82
2025-11-28 08:11:53.537635,person,0.82
2025-11-28 08:11:53.595485,person,0.79
2025-11-28 08:11:53.664426,person,0.84
2025-11-28 08:11:53.721058,person,0.81
2025-11-28 08:11:53.721058,person,0.53
2025-11-28 08:11:53.787294,person,0.79
2025-11-28 08:11:53.843875,person,0.81
2025-11-28 08:11:53.902023,person,0.85
2025-11-28 08:11:53.958633,person,0.84
2025-11-28 08:11:54.016220,person,0.85
2025-11-28 08:11:54.071280,person,0.85
2025-11-28 08:11:54.125458,person,0.86
2025-11-28 08:11:54.183497,person,0.85
2025-11-28 08:11:54.183497,person,0.54
2025-11-28 08:11:54.245643,person,0.86
2025-11-28 08:11:54.307608,person,0.84
2025-11-28 08:11:54.363833,person,0.86
2025-11-28 08:11:54.419290,person,0.84
2025-11-28 08:11:54.475425,person,0.84
2025-11-28 08:11:54.532059,person,0.84
2025-11-28 08:11:54.587573,person,0.84
2025-11-28 08:11:54.645228,person,0.82
2025-11-28 08:11:54.701736,person,0.83
2025-11-28 08:11:54.758670,person,0.80
2025-11-28 08:11:54.813758,person,0.81
2025-11-28 08:11:54.869423,person,0.83
2025-11-28 08:11:54.869423,person,0.52
2025-11-28 08:11:54.929015,person,0.82
2025-11-28 08:11:54.983810,person,0.86
2025-11-28 08:11:55.047519,person,0.85
2025-11-28 08:11:55.048524,person,0.67
2025-11-28 08:11:55.109900,person,0.85
2025-11-28 08:11:55.171106,person,0.83
2025-11-28 08:11:55.235906,person,0.84
2025-11-28 08:11:55.299546,person,0.83
2025-11-28 08:11:55.357526,person,0.85
2025-11-28 08:11:55.410913,person,0.87
2025-11-28 08:11:55.465970,person,0.89
2025-11-28 08:11:55.523584,person,0.87
2025-11-28 08:11:55.579218,person,0.88
2025-11-28 08:11:55.634498,person,0.87
2025-11-28 08:11:55.689602,person,0.87
2025-11-28 08:11:55.754843,person,0.89
2025-11-28 08:11:55.812499,person,0.92
2025-11-28 08:11:55.875125,person,0.92
2025-11-28 08:11:55.937750,person,0.91
2025-11-28 08:11:55.993239,person,0.89
2025-11-28 08:11:56.059619,person,0.86
2025-11-28 08:11:56.060627,person,0.72
2025-11-28 08:11:56.117805,person,0.89
2025-11-28 08:11:56.117805,person,0.77
2025-11-28 08:11:56.174540,person,0.87
2025-11-28 08:11:56.175541,person,0.75
2025-11-28 08:11:56.235660,person,0.87
2025-11-28 08:11:56.236660,person,0.80
2025-11-28 08:11:56.293334,person,0.89
2025-11-28 08:11:56.293334,person,0.86
2025-11-28 08:11:56.359611,person,0.90
2025-11-28 08:11:56.360621,person,0.82
2025-11-28 08:11:56.424302,person,0.91
2025-11-28 08:11:56.425300,person,0.82
2025-11-28 08:11:56.481427,person,0.89
2025-11-28 08:11:56.481427,person,0.77
2025-11-28 08:11:56.535962,person,0.90
2025-11-28 08:11:56.535962,person,0.58
2025-11-28 08:11:56.592667,person,0.89
2025-11-28 08:11:56.593667,person,0.57
2025-11-28 08:11:56.658799,person,0.88
2025-11-28 08:11:56.658799,person,0.69
2025-11-28 08:11:56.715018,person,0.87
2025-11-28 08:11:56.716017,person,0.67
2025-11-28 08:11:56.770196,person,0.85
2025-11-28 08:11:56.770196,person,0.70
2025-11-28 08:11:56.831460,person,0.85
2025-11-28 08:11:56.831460,person,0.66
2025-11-28 08:11:56.887580,person,0.86
2025-11-28 08:11:56.888588,person,0.60
2025-11-28 08:11:56.948363,person,0.88
2025-11-28 08:11:56.948363,person,0.71
2025-11-28 08:11:57.012992,person,0.85
2025-11-28 08:11:57.013992,person,0.83
2025-11-28 08:11:57.068064,person,0.87
2025-11-28 08:11:57.068064,person,0.73
2025-11-28 08:11:57.123591,person,0.87
2025-11-28 08:11:57.123591,person,0.75
2025-11-28 08:11:57.215226,person,0.87
2025-11-28 08:11:57.216227,person,0.61
2025-11-28 08:11:57.273063,person,0.86
2025-11-28 08:11:57.274065,person,0.61
2025-11-28 08:11:57.330730,person,0.88
2025-11-28 08:11:57.330730,person,0.59
2025-11-28 08:11:57.387343,person,0.90
2025-11-28 08:11:57.387343,person,0.56
2025-11-28 08:11:57.453084,person,0.92
2025-11-28 08:11:57.511666,person,0.90
2025-11-28 08:11:57.568309,person,0.93
2025-11-28 08:11:57.639008,person,0.93
2025-11-28 08:11:57.694615,person,0.91
2025-11-28 08:11:57.751369,person,0.92
2025-11-28 08:11:57.806376,person,0.92
2025-11-28 08:11:57.865412,person,0.93
2025-11-28 08:11:57.866412,person,0.56
2025-11-28 08:11:57.921067,person,0.93
2025-11-28 08:11:57.974741,person,0.92
2025-11-28 08:11:58.030920,person,0.91
2025-11-28 08:11:58.087678,person,0.92
2025-11-28 08:11:58.087678,person,0.63
2025-11-28 08:11:58.143019,person,0.91
2025-11-28 08:11:58.144018,person,0.68
2025-11-28 08:11:58.200936,person,0.90
2025-11-28 08:11:58.200936,person,0.64
2025-11-28 08:11:58.258614,person,0.90
2025-11-28 08:11:58.259616,person,0.61
2025-11-28 08:11:58.328757,person,0.89
2025-11-28 08:11:58.328757,person,0.68
2025-11-28 08:11:58.387400,person,0.88
2025-11-28 08:11:58.388405,person,0.79
2025-11-28 08:11:58.444844,person,0.89
2025-11-28 08:11:58.444844,person,0.74
2025-11-28 08:11:58.498827,person,0.89
2025-11-28 08:11:58.499841,person,0.84
2025-11-28 08:11:58.613298,person,0.92
2025-11-28 08:11:58.614300,person,0.75
2025-11-28 08:11:58.670210,person,0.90
2025-11-28 08:11:58.671208,person,0.78
2025-11-28 08:11:58.727778,person,0.91
2025-11-28 08:11:58.727778,person,0.75
2025-11-28 08:11:58.784072,person,0.92
2025-11-28 08:11:58.785073,person,0.79
2025-11-28 08:11:58.839500,person,0.91
2025-11-28 08:11:58.840508,person,0.66
2025-11-28 08:11:58.907453,person,0.92
2025-11-28 08:11:58.908458,person,0.78
2025-11-28 08:11:58.966607,person,0.90
2025-11-28 08:11:58.967606,person,0.82
2025-11-28 08:11:59.021975,person,0.91
2025-11-28 08:11:59.022974,person,0.82
2025-11-28 08:11:59.076612,person,0.91
2025-11-28 08:11:59.078114,person,0.82
2025-11-28 08:11:59.133796,person,0.91
2025-11-28 08:11:59.134800,person,0.66
2025-11-28 08:11:59.191511,person,0.92
2025-11-28 08:11:59.191511,person,0.81
2025-11-28 08:11:59.249689,person,0.93
2025-11-28 08:11:59.250693,person,0.81
2025-11-28 08:11:59.304878,person,0.93
2025-11-28 08:11:59.304878,person,0.68
2025-11-28 08:11:59.361409,person,0.92
2025-11-28 08:11:59.362404,person,0.71
2025-11-28 08:11:59.426089,person,0.92
2025-11-28 08:11:59.427596,person,0.84
2025-11-28 08:11:59.482457,person,0.91
2025-11-28 08:11:59.482457,person,0.77
2025-11-28 08:11:59.548564,person,0.91
2025-11-28 08:11:59.549557,person,0.79
2025-11-28 08:11:59.604940,person,0.91
2025-11-28 08:11:59.605941,person,0.83
2025-11-28 08:11:59.679744,person,0.90
2025-11-28 08:11:59.680751,person,0.84
2025-11-28 08:11:59.740821,person,0.91
2025-11-28 08:11:59.740821,person,0.83
2025-11-28 08:11:59.797509,person,0.91
2025-11-28 08:11:59.798012,person,0.80
2025-11-28 08:11:59.851651,person,0.91
2025-11-28 08:11:59.852651,person,0.86
2025-11-28 08:11:59.959551,person,0.92
2025-11-28 08:11:59.960556,person,0.88
2025-11-28 08:12:00.018702,person,0.92
2025-11-28 08:12:00.019705,person,0.89
2025-11-28 08:12:00.075821,person,0.92
2025-11-28 08:12:00.077341,person,0.88
2025-11-28 08:12:00.131936,person,0.92
2025-11-28 08:12:00.132937,person,0.88
2025-11-28 08:12:00.204101,person,0.91
2025-11-28 08:12:00.204101,person,0.86
2025-11-28 08:12:00.259251,person,0.90
2025-11-28 08:12:00.260728,person,0.86
2025-11-28 08:12:00.317902,person,0.90
2025-11-28 08:12:00.317902,person,0.87
2025-11-28 08:12:00.376068,person,0.90
2025-11-28 08:12:00.376068,person,0.79
2025-11-28 08:12:00.430715,person,0.90
2025-11-28 08:12:00.431714,person,0.87
2025-11-28 08:12:00.498721,person,0.90
2025-11-28 08:12:00.498721,person,0.85
2025-11-28 08:12:00.562896,person,0.89
2025-11-28 08:12:00.563896,person,0.78
2025-11-28 08:12:00.624611,person,0.90
2025-11-28 08:12:00.625615,person,0.80
2025-11-28 08:12:00.681763,person,0.91
2025-11-28 08:12:00.682767,person,0.77
2025-11-28 08:12:00.738935,person,0.91
2025-11-28 08:12:00.739948,person,0.85
2025-11-28 08:12:00.797325,person,0.91
2025-11-28 08:12:00.797835,person,0.75
2025-11-28 08:12:00.854684,person,0.91
2025-11-28 08:12:00.855688,person,0.75
2025-11-28 08:12:00.911422,person,0.92
2025-11-28 08:12:00.912422,person,0.81
2025-11-28 08:12:00.913424,person,0.52
2025-11-28 08:12:00.986177,person,0.94
2025-11-28 08:12:00.986177,person,0.78
2025-11-28 08:12:01.043291,person,0.93
2025-11-28 08:12:01.044293,person,0.79
2025-11-28 08:12:01.112977,person,0.94
2025-11-28 08:12:01.112977,person,0.74
2025-11-28 08:12:01.169703,person,0.95
2025-11-28 08:12:01.170711,person,0.68
2025-11-28 08:12:01.229705,person,0.95
2025-11-28 08:12:01.230705,person,0.74
2025-11-28 08:12:01.345876,person,0.93
2025-11-28 08:12:01.347379,person,0.73
2025-11-28 08:12:01.402530,person,0.94
2025-11-28 08:12:01.403529,person,0.63
2025-11-28 08:12:01.457662,person,0.92
2025-11-28 08:12:01.457662,person,0.62
2025-11-28 08:12:01.518356,person,0.93
2025-11-28 08:12:01.518356,person,0.61
2025-11-28 08:12:01.574979,person,0.92
2025-11-28 08:12:01.575979,person,0.70
2025-11-28 08:12:01.632625,person,0.93
2025-11-28 08:12:01.633625,person,0.63
2025-11-28 08:12:01.689934,person,0.93
2025-11-28 08:12:01.690934,person,0.67
2025-11-28 08:12:01.690934,person,0.60
2025-11-28 08:12:01.752572,person,0.92
2025-11-28 08:12:01.754075,person,0.76
2025-11-28 08:12:01.754075,person,0.74
2025-11-28 08:12:01.811182,person,0.92
2025-11-28 08:12:01.811182,person,0.78
2025-11-28 08:12:01.812186,person,0.70
2025-11-28 08:12:01.868494,person,0.92
2025-11-28 08:12:01.868494,person,0.76
2025-11-28 08:12:01.869493,person,0.73
2025-11-28 08:12:01.936150,person,0.93
2025-11-28 08:12:01.936150,person,0.87
2025-11-28 08:12:01.936150,person,0.72
2025-11-28 08:12:01.999371,person,0.92
2025-11-28 08:12:02.000378,person,0.89
2025-11-28 08:12:02.000378,person,0.77
2025-11-28 08:12:02.055512,person,0.91
2025-11-28 08:12:02.056511,person,0.87
2025-11-28 08:12:02.057508,person,0.80
2025-11-28 08:12:02.111501,person,0.92
2025-11-28 08:12:02.112505,person,0.90
2025-11-28 08:12:02.112505,person,0.78
2025-11-28 08:12:02.172699,person,0.92
2025-11-28 08:12:02.172699,person,0.89
2025-11-28 08:12:02.173699,person,0.74
2025-11-28 08:12:02.228350,person,0.92
2025-11-28 08:12:02.229350,person,0.91
2025-11-28 08:12:02.230358,person,0.75
2025-11-28 08:12:02.300261,person,0.93
2025-11-28 08:12:02.300261,person,0.90
2025-11-28 08:12:02.301730,person,0.73
2025-11-28 08:12:02.357385,person,0.92
2025-11-28 08:12:02.358390,person,0.92
2025-11-28 08:12:02.358390,person,0.64
2025-11-28 08:12:02.429087,person,0.93
2025-11-28 08:12:02.430087,person,0.93
2025-11-28 08:12:02.431091,person,0.60
2025-11-28 08:12:02.485701,person,0.94
2025-11-28 08:12:02.486703,person,0.93
2025-11-28 08:12:02.487701,person,0.58
2025-11-28 08:12:02.542752,person,0.93
2025-11-28 08:12:02.542752,person,0.92
2025-11-28 08:12:02.601015,person,0.94
2025-11-28 08:12:02.602016,person,0.92
2025-11-28 08:12:02.662134,person,0.90
2025-11-28 08:12:02.663133,person,0.88
2025-11-28 08:12:02.735373,person,0.90
2025-11-28 08:12:02.736374,person,0.90
2025-11-28 08:12:02.809741,person,0.89
2025-11-28 08:12:02.809741,person,0.88
2025-11-28 08:12:02.871225,person,0.92
2025-11-28 08:12:02.872228,person,0.89
2025-11-28 08:12:02.929451,person,0.92
2025-11-28 08:12:02.930460,person,0.92
2025-11-28 08:12:02.987584,person,0.92
2025-11-28 08:12:02.988592,person,0.91
2025-11-28 08:12:03.057492,person,0.93
2025-11-28 08:12:03.058499,person,0.92
2025-11-28 08:12:03.146651,person,0.93
2025-11-28 08:12:03.147655,person,0.91
2025-11-28 08:12:03.210174,person,0.93
2025-11-28 08:12:03.211950,person,0.91
2025-11-28 08:12:03.277318,person,0.93
2025-11-28 08:12:03.278325,person,0.92
2025-11-28 08:12:03.343615,person,0.94
2025-11-28 08:12:03.344620,person,0.92
2025-11-28 08:12:03.399294,person,0.94
2025-11-28 08:12:03.400298,person,0.92
2025-11-28 08:12:03.462655,person,0.93
2025-11-28 08:12:03.463648,person,0.92
2025-11-28 08:12:03.524307,person,0.92
2025-11-28 08:12:03.524307,person,0.92
2025-11-28 08:12:03.586771,person,0.92
2025-11-28 08:12:03.586771,person,0.92
2025-11-28 08:12:03.650664,person,0.93
2025-11-28 08:12:03.650664,person,0.92
2025-11-28 08:12:03.708408,person,0.93
2025-11-28 08:12:03.709407,person,0.92
2025-11-28 08:12:03.776586,person,0.93
2025-11-28 08:12:03.777589,person,0.92
2025-11-28 08:12:03.832533,person,0.92
2025-11-28 08:12:03.832533,person,0.92
2025-11-28 08:12:03.902040,person,0.93
2025-11-28 08:12:03.903049,person,0.92
2025-11-28 08:12:03.959877,person,0.93
2025-11-28 08:12:03.960886,person,0.92
2025-11-28 08:12:04.036652,person,0.93
2025-11-28 08:12:04.037657,person,0.92
2025-11-28 08:12:04.094555,person,0.93
2025-11-28 08:12:04.095560,person,0.91
2025-11-28 08:12:04.150457,person,0.93
2025-11-28 08:12:04.151454,person,0.92
2025-11-28 08:12:04.214957,person,0.93
2025-11-28 08:12:04.214957,person,0.92
2025-11-28 08:12:04.269777,person,0.92
2025-11-28 08:12:04.270786,person,0.92
2025-11-28 08:12:04.340629,person,0.92
2025-11-28 08:12:04.340629,person,0.92
2025-11-28 08:12:04.401963,person,0.92
2025-11-28 08:12:04.402963,person,0.91
2025-11-28 08:12:04.402963,person,0.59
2025-11-28 08:12:04.458623,person,0.92
2025-11-28 08:12:04.459624,person,0.92
2025-11-28 08:12:04.459624,person,0.56
2025-11-28 08:12:04.514094,person,0.93
2025-11-28 08:12:04.514094,person,0.91
2025-11-28 08:12:04.514094,person,0.59
2025-11-28 08:12:04.571334,person,0.92
2025-11-28 08:12:04.572339,person,0.91
2025-11-28 08:12:04.637495,person,0.92
2025-11-28 08:12:04.637998,person,0.91
2025-11-28 08:12:04.693287,person,0.92
2025-11-28 08:12:04.693287,person,0.92
2025-11-28 08:12:04.694690,person,0.54
2025-11-28 08:12:04.752324,person,0.92
2025-11-28 08:12:04.753332,person,0.91
2025-11-28 08:12:04.753332,person,0.53
2025-11-28 08:12:04.828830,person,0.92
2025-11-28 08:12:04.828830,person,0.90
2025-11-28 08:12:04.829829,person,0.63
2025-11-28 08:12:04.888195,person,0.92
2025-11-28 08:12:04.889569,person,0.91
2025-11-28 08:12:04.889569,person,0.67
2025-11-28 08:12:04.946669,person,0.93
2025-11-28 08:12:04.948173,person,0.91
2025-11-28 08:12:04.948173,person,0.64
2025-11-28 08:12:05.004852,person,0.93
2025-11-28 08:12:05.005847,person,0.91
2025-11-28 08:12:05.005847,person,0.66
2025-11-28 08:12:05.063529,person,0.92
2025-11-28 08:12:05.063529,person,0.91
2025-11-28 08:12:05.064589,person,0.66
2025-11-28 08:12:05.118288,person,0.92
2025-11-28 08:12:05.119626,person,0.89
2025-11-28 08:12:05.119626,person,0.63
2025-11-28 08:12:05.177796,person,0.92
2025-11-28 08:12:05.177796,person,0.89
2025-11-28 08:12:05.178800,person,0.63
2025-11-28 08:12:05.234352,person,0.92
2025-11-28 08:12:05.235352,person,0.90
2025-11-28 08:12:05.235352,person,0.67
2025-11-28 08:12:05.296500,person,0.92
2025-11-28 08:12:05.297506,person,0.91
2025-11-28 08:12:05.297506,person,0.69
2025-11-28 08:12:05.355594,person,0.92
2025-11-28 08:12:05.356594,person,0.88
2025-11-28 08:12:05.356594,person,0.75
2025-11-28 08:12:05.444263,person,0.92
2025-11-28 08:12:05.445268,person,0.91
2025-11-28 08:12:05.445268,person,0.61
2025-11-28 08:12:05.515035,person,0.92
2025-11-28 08:12:05.515540,person,0.91
2025-11-28 08:12:05.515540,person,0.61
2025-11-28 08:12:05.576433,person,0.92
2025-11-28 08:12:05.577432,person,0.92
2025-11-28 08:12:05.577936,person,0.55
2025-11-28 08:12:05.634221,person,0.93
2025-11-28 08:12:05.635221,person,0.91
2025-11-28 08:12:05.702914,person,0.93
2025-11-28 08:12:05.702914,person,0.91
2025-11-28 08:12:05.762779,person,0.92
2025-11-28 08:12:05.763778,person,0.91
2025-11-28 08:12:05.822013,person,0.91
2025-11-28 08:12:05.823013,person,0.90
2025-11-28 08:12:05.878592,person,0.91
2025-11-28 08:12:05.879566,person,0.90
2025-11-28 08:12:05.936588,person,0.91
2025-11-28 08:12:05.936588,person,0.90
2025-11-28 08:12:05.993242,person,0.91
2025-11-28 08:12:05.993242,person,0.91
2025-11-28 08:12:06.050526,person,0.90
2025-11-28 08:12:06.050526,person,0.90
2025-11-28 08:12:06.107731,person,0.92
2025-11-28 08:12:06.108741,person,0.90
2025-11-28 08:12:06.172142,person,0.92
2025-11-28 08:12:06.172142,person,0.90
2025-11-28 08:12:06.228311,person,0.91
2025-11-28 08:12:06.229310,person,0.91
2025-11-28 08:12:06.285494,person,0.93
2025-11-28 08:12:06.285494,person,0.89
2025-11-28 08:12:06.341403,person,0.92
2025-11-28 08:12:06.341403,person,0.90
2025-11-28 08:12:06.396027,person,0.92
2025-11-28 08:12:06.396027,person,0.88
2025-11-28 08:12:06.457324,person,0.92
2025-11-28 08:12:06.457324,person,0.90
2025-11-28 08:12:06.513160,person,0.93
2025-11-28 08:12:06.513160,person,0.91
2025-11-28 08:12:06.568776,person,0.92
2025-11-28 08:12:06.569775,person,0.91
2025-11-28 08:12:06.626207,person,0.93
2025-11-28 08:12:06.626207,person,0.91
2025-11-28 08:12:06.682340,person,0.93
2025-11-28 08:12:06.683340,person,0.92
2025-11-28 08:12:06.752045,person,0.91
2025-11-28 08:12:06.753045,person,0.90
2025-11-28 08:12:06.814872,person,0.92
2025-11-28 08:12:06.814872,person,0.90
2025-11-28 08:12:06.869498,person,0.92
2025-11-28 08:12:06.870498,person,0.91
2025-11-28 08:12:06.926651,person,0.91
2025-11-28 08:12:06.926651,person,0.90
2025-11-28 08:12:06.979299,person,0.92
2025-11-28 08:12:06.979299,person,0.91
2025-11-28 08:12:07.190982,person,0.92
2025-11-28 08:12:07.191980,person,0.90
2025-11-28 08:12:07.254336,person,0.93
2025-11-28 08:12:07.255338,person,0.91
2025-11-28 08:12:07.316327,person,0.93
2025-11-28 08:12:07.317327,person,0.91
2025-11-28 08:12:07.376221,person,0.94
2025-11-28 08:12:07.377734,person,0.91
2025-11-28 08:12:07.435634,person,0.93
2025-11-28 08:12:07.435634,person,0.92
2025-11-28 08:12:07.436778,person,0.55
2025-11-28 08:12:07.502431,person,0.93
2025-11-28 08:12:07.503431,person,0.93
2025-11-28 08:12:07.503431,person,0.53
2025-11-28 08:12:07.559493,person,0.92
2025-11-28 08:12:07.560491,person,0.92
2025-11-28 08:12:07.560491,person,0.52
2025-11-28 08:12:07.615960,person,0.93
2025-11-28 08:12:07.615960,person,0.92
2025-11-28 08:12:07.615960,person,0.50
2025-11-28 08:12:07.685680,person,0.95
2025-11-28 08:12:07.685680,person,0.92
2025-11-28 08:12:07.749621,person,0.95
2025-11-28 08:12:07.749621,person,0.92
2025-11-28 08:12:07.805247,person,0.95
2025-11-28 08:12:07.806247,person,0.92
2025-11-28 08:12:07.871508,person,0.94
2025-11-28 08:12:07.872508,person,0.91
2025-11-28 08:12:07.934455,person,0.93
2025-11-28 08:12:07.935453,person,0.90
2025-11-28 08:12:07.936459,person,0.63
2025-11-28 08:12:07.991481,person,0.92
2025-11-28 08:12:07.991481,person,0.91
2025-11-28 08:12:07.992481,person,0.72
2025-11-28 08:12:08.047674,person,0.91
2025-11-28 08:12:08.047674,person,0.90
2025-11-28 08:12:08.048683,person,0.67
2025-11-28 08:12:08.170556,person,0.87
2025-11-28 08:12:08.171556,person,0.79
2025-11-28 08:12:08.172554,person,0.51
2025-11-28 08:12:08.227874,person,0.79
2025-11-28 08:12:08.294165,person,0.89
2025-11-28 08:12:08.295165,person,0.52
2025-11-28 08:12:08.357532,person,0.89
2025-11-28 08:12:08.358035,person,0.74
2025-11-28 08:12:08.422679,person,0.89
2025-11-28 08:12:08.423679,person,0.74
2025-11-28 08:12:08.423679,person,0.67
2025-11-28 08:12:08.481265,person,0.89
2025-11-28 08:12:08.481265,person,0.64
2025-11-28 08:12:08.545451,person,0.89
2025-11-28 08:12:08.546445,person,0.73
2025-11-28 08:12:08.607543,person,0.89
2025-11-28 08:12:08.608552,person,0.54
2025-11-28 08:12:08.672336,person,0.87
2025-11-28 08:12:08.672336,person,0.76
2025-11-28 08:12:08.729687,person,0.89
2025-11-28 08:12:08.730686,person,0.64
2025-11-28 08:12:08.787579,person,0.88
2025-11-28 08:12:08.787579,person,0.65
2025-11-28 08:12:08.847729,person,0.88
2025-11-28 08:12:08.848740,person,0.73
2025-11-28 08:12:08.906400,person,0.89
2025-11-28 08:12:08.906400,person,0.59
2025-11-28 08:12:08.959724,person,0.89
2025-11-28 08:12:08.960727,person,0.69
2025-11-28 08:12:09.018388,person,0.89
2025-11-28 08:12:09.019386,person,0.68
2025-11-28 08:12:09.075923,person,0.90
2025-11-28 08:12:09.075923,person,0.73
2025-11-28 08:12:09.145247,person,0.89
2025-11-28 08:12:09.145247,person,0.73
2025-11-28 08:12:09.201297,person,0.89
2025-11-28 08:12:09.202297,person,0.70
2025-11-28 08:12:09.259594,person,0.88
2025-11-28 08:12:09.259594,person,0.68
2025-11-28 08:12:09.313971,person,0.88
2025-11-28 08:12:09.314971,person,0.64
2025-11-28 08:12:09.376156,person,0.88
2025-11-28 08:12:09.377684,person,0.79
2025-11-28 08:12:09.434292,person,0.89
2025-11-28 08:12:09.435292,person,0.70
2025-11-28 08:12:09.493252,person,0.90
2025-11-28 08:12:09.494250,person,0.74
2025-11-28 08:12:09.550483,person,0.89
2025-11-28 08:12:09.551487,person,0.57
2025-11-28 08:12:09.607753,person,0.86
2025-11-28 08:12:09.607753,person,0.69
2025-11-28 08:12:09.675853,person,0.87
2025-11-28 08:12:09.675853,person,0.71
2025-11-28 08:12:09.739788,person,0.86
2025-11-28 08:12:09.740792,person,0.67
2025-11-28 08:12:09.795754,person,0.87
2025-11-28 08:12:09.796755,person,0.64
2025-11-28 08:12:09.852973,person,0.86
2025-11-28 08:12:09.853973,person,0.68
2025-11-28 08:12:09.909602,person,0.85
2025-11-28 08:12:09.910611,person,0.65
2025-11-28 08:12:09.966439,person,0.85
2025-11-28 08:12:09.967947,person,0.61
2025-11-28 08:12:10.025388,person,0.86
2025-11-28 08:12:10.026388,person,0.72
2025-11-28 08:12:10.080955,person,0.87
2025-11-28 08:12:10.081954,person,0.64
2025-11-28 08:12:10.138623,person,0.87
2025-11-28 08:12:10.139623,person,0.65
2025-11-28 08:12:10.195963,person,0.86
2025-11-28 08:12:10.195963,person,0.72
2025-11-28 08:12:10.254663,person,0.88
2025-11-28 08:12:10.254663,person,0.79
2025-11-28 08:12:10.316210,person,0.86
2025-11-28 08:12:10.317715,person,0.60
2025-11-28 08:12:10.371374,person,0.88
2025-11-28 08:12:10.371374,person,0.68
2025-11-28 08:12:10.440561,person,0.86
2025-11-28 08:12:10.441561,person,0.69
2025-11-28 08:12:10.502329,person,0.87
2025-11-28 08:12:10.502329,person,0.76
2025-11-28 08:12:10.559821,person,0.88
2025-11-28 08:12:10.559821,person,0.66
2025-11-28 08:12:10.616328,person,0.87
2025-11-28 08:12:10.617326,person,0.72
2025-11-28 08:12:10.672761,person,0.89
2025-11-28 08:12:10.672761,person,0.68
2025-11-28 08:12:10.732434,person,0.89
2025-11-28 08:12:10.733438,person,0.69
2025-11-28 08:12:10.788037,person,0.90
2025-11-28 08:12:10.789041,person,0.66
2025-11-28 08:12:10.854198,person,0.91
2025-11-28 08:12:10.855675,person,0.65
2025-11-28 08:12:10.909784,person,0.91
2025-11-28 08:12:10.910794,person,0.69
2025-11-28 08:12:10.968435,person,0.90
2025-11-28 08:12:10.968435,person,0.69
2025-11-28 08:12:11.024594,person,0.92
2025-11-28 08:12:11.024594,person,0.75
2025-11-28 08:12:11.084739,person,0.92
2025-11-28 08:12:11.084739,person,0.74
2025-11-28 08:12:11.140659,person,0.92
2025-11-28 08:12:11.140659,person,0.75
2025-11-28 08:12:11.201263,person,0.92
2025-11-28 08:12:11.201263,person,0.80
2025-11-28 08:12:11.257650,person,0.92
2025-11-28 08:12:11.258657,person,0.62
2025-11-28 08:12:11.312825,person,0.91
2025-11-28 08:12:11.313828,person,0.72
2025-11-28 08:12:11.409167,person,0.92
2025-11-28 08:12:11.409167,person,0.70
2025-11-28 08:12:11.471830,person,0.92
2025-11-28 08:12:11.472831,person,0.75
2025-11-28 08:12:11.527971,person,0.91
2025-11-28 08:12:11.528979,person,0.66
2025-11-28 08:12:11.587962,person,0.91
2025-11-28 08:12:11.587962,person,0.66
2025-11-28 08:12:11.648609,person,0.91
2025-11-28 08:12:11.648609,person,0.74
2025-11-28 08:12:11.706071,person,0.92
2025-11-28 08:12:11.707576,person,0.78
2025-11-28 08:12:11.760331,person,0.92
2025-11-28 08:12:11.761330,person,0.72
2025-11-28 08:12:11.820777,person,0.91
2025-11-28 08:12:11.820777,person,0.74
2025-11-28 08:12:11.877412,person,0.90
2025-11-28 08:12:11.878423,person,0.69
2025-11-28 08:12:11.947577,person,0.90
2025-11-28 08:12:11.947577,person,0.73
2025-11-28 08:12:12.004463,person,0.87
2025-11-28 08:12:12.004463,person,0.77
2025-11-28 08:12:12.103610,person,0.89
2025-11-28 08:12:12.104610,person,0.68
2025-11-28 08:12:12.223664,person,0.80
2025-11-28 08:12:12.224670,person,0.76
2025-11-28 08:12:12.295767,person,0.88
2025-11-28 08:12:12.297200,person,0.72
2025-11-28 08:12:12.367453,person,0.89
2025-11-28 08:12:12.368460,person,0.81
2025-11-28 08:12:12.438551,person,0.82
2025-11-28 08:12:12.495513,person,0.82
2025-11-28 08:12:12.560133,person,0.86
2025-11-28 08:12:12.615536,person,0.90
2025-11-28 08:12:12.687416,person,0.89
2025-11-28 08:12:12.744049,person,0.84
2025-11-28 08:12:12.799721,person,0.90
2025-11-28 08:12:12.854322,person,0.80
2025-11-28 08:12:12.910833,person,0.82
2025-11-28 08:12:12.967332,person,0.75
2025-11-28 08:12:13.022956,person,0.52
2025-11-28 08:12:13.078603,person,0.77
2025-11-28 08:12:13.135114,person,0.78
2025-11-28 08:12:13.190750,person,0.83
2025-11-28 08:12:13.252467,person,0.65
2025-11-28 08:12:13.315868,person,0.69
2025-11-28 08:12:13.375993,person,0.68
2025-11-28 08:12:13.438263,person,0.56
2025-11-28 08:12:13.439272,person,0.52
2025-11-28 08:12:13.551225,person,0.71
2025-11-28 08:12:13.604491,person,0.62
2025-11-28 08:12:13.660134,person,0.59
2025-11-28 08:12:13.716192,person,0.59
2025-11-28 08:12:13.775366,person,0.59
2025-11-28 08:12:13.830091,person,0.75
2025-11-28 08:12:13.891500,person,0.78
2025-11-28 08:12:13.948115,person,0.64
2025-11-28 08:12:14.001741,person,0.84
2025-11-28 08:12:14.055871,person,0.86
2025-11-28 08:12:14.109761,person,0.88
2025-11-28 08:12:14.163421,person,0.88
2025-11-28 08:12:14.220571,person,0.92
2025-11-28 08:12:14.277726,person,0.90
2025-11-28 08:12:14.333353,person,0.88
2025-11-28 08:12:14.390460,person,0.88
2025-11-28 08:12:14.456539,person,0.89
2025-11-28 08:12:14.518701,person,0.91
2025-11-28 08:12:14.574917,person,0.91
2025-11-28 08:12:14.632595,person,0.91
2025-11-28 08:12:14.695341,person,0.92
2025-11-28 08:12:14.695341,person,0.62
2025-11-28 08:12:14.750008,person,0.92
2025-11-28 08:12:14.751010,person,0.67
2025-11-28 08:12:14.820168,person,0.92
2025-11-28 08:12:14.820168,person,0.69
2025-11-28 08:12:14.875818,person,0.91
2025-11-28 08:12:14.877726,person,0.70
2025-11-28 08:12:14.944446,person,0.93
2025-11-28 08:12:14.945448,person,0.67
2025-11-28 08:12:15.000567,person,0.94
2025-11-28 08:12:15.001924,person,0.67
2025-11-28 08:12:15.082829,person,0.94
2025-11-28 08:12:15.083837,person,0.72
2025-11-28 08:12:15.139856,person,0.94
2025-11-28 08:12:15.139856,person,0.73
2025-11-28 08:12:15.211790,person,0.93
2025-11-28 08:12:15.212789,person,0.73
2025-11-28 08:12:15.273430,person,0.93
2025-11-28 08:12:15.274431,person,0.61
2025-11-28 08:12:15.333580,person,0.93
2025-11-28 08:12:15.334586,person,0.57
2025-11-28 08:12:15.388851,person,0.93
2025-11-28 08:12:15.389851,person,0.58
2025-11-28 08:12:15.445148,person,0.92
2025-11-28 08:12:15.445148,person,0.60
2025-11-28 08:12:15.502349,person,0.93
2025-11-28 08:12:15.502349,person,0.72
2025-11-28 08:12:15.570499,person,0.93
2025-11-28 08:12:15.571498,person,0.71
2025-11-28 08:12:15.626684,person,0.93
2025-11-28 08:12:15.628192,person,0.56
2025-11-28 08:12:15.686074,person,0.93
2025-11-28 08:12:15.686074,person,0.74
2025-11-28 08:12:15.744725,person,0.93
2025-11-28 08:12:15.744725,person,0.69
2025-11-28 08:12:15.801466,person,0.92
2025-11-28 08:12:15.801466,person,0.63
2025-11-28 08:12:15.856559,person,0.92
2025-11-28 08:12:15.857559,person,0.66
2025-11-28 08:12:15.914227,person,0.93
2025-11-28 08:12:15.915226,person,0.64
2025-11-28 08:12:15.972122,person,0.92
2025-11-28 08:12:15.973125,person,0.66
2025-11-28 08:12:16.030017,person,0.93
2025-11-28 08:12:16.031019,person,0.66
2025-11-28 08:12:16.088654,person,0.93
2025-11-28 08:12:16.088654,person,0.62
2025-11-28 08:12:16.143340,person,0.94
2025-11-28 08:12:16.144338,person,0.73
2025-11-28 08:12:16.200990,person,0.92
2025-11-28 08:12:16.201990,person,0.70
2025-11-28 08:12:16.258960,person,0.94
2025-11-28 08:12:16.258960,person,0.68
2025-11-28 08:12:16.313569,person,0.93
2025-11-28 08:12:16.314570,person,0.75
2025-11-28 08:12:16.372237,person,0.93
2025-11-28 08:12:16.373244,person,0.66
2025-11-28 08:12:16.428876,person,0.92
2025-11-28 08:12:16.429877,person,0.68
2025-11-28 08:12:16.484863,person,0.91
2025-11-28 08:12:16.484863,person,0.62
2025-11-28 08:12:16.543407,person,0.91
2025-11-28 08:12:16.544406,person,0.58
2025-11-28 08:12:16.602061,person,0.89
2025-11-28 08:12:16.603061,person,0.69
2025-11-28 08:12:16.658392,person,0.90
2025-11-28 08:12:16.658392,person,0.64
2025-11-28 08:12:16.714670,person,0.89
2025-11-28 08:12:16.714670,person,0.63
2025-11-28 08:12:16.781947,person,0.91
2025-11-28 08:12:16.782945,person,0.75
2025-11-28 08:12:16.837634,person,0.90
2025-11-28 08:12:16.838639,person,0.61
2025-11-28 08:12:16.892275,person,0.89
2025-11-28 08:12:16.893781,person,0.74
2025-11-28 08:12:16.955455,person,0.89
2025-11-28 08:12:16.955455,person,0.84
2025-11-28 08:12:17.013605,person,0.89
2025-11-28 08:12:17.014613,person,0.67
2025-11-28 08:12:17.070837,person,0.90
2025-11-28 08:12:17.071837,person,0.70
2025-11-28 08:12:17.141043,person,0.90
2025-11-28 08:12:17.141043,person,0.62
2025-11-28 08:12:17.204006,person,0.91
2025-11-28 08:12:17.204006,person,0.66
2025-11-28 08:12:17.259456,person,0.90
2025-11-28 08:12:17.314413,person,0.90
2025-11-28 08:12:17.315412,person,0.61
2025-11-28 08:12:17.375029,person,0.91
2025-11-28 08:12:17.375029,person,0.72
2025-11-28 08:12:17.432024,person,0.91
2025-11-28 08:12:17.432024,person,0.54
2025-11-28 08:12:17.501225,person,0.92
2025-11-28 08:12:17.502225,person,0.64
2025-11-28 08:12:17.558606,person,0.92
2025-11-28 08:12:17.559783,person,0.64
2025-11-28 08:12:17.614978,person,0.92
2025-11-28 08:12:17.615481,person,0.66
2025-11-28 08:12:17.669586,person,0.92
2025-11-28 08:12:17.670590,person,0.63
2025-11-28 08:12:17.727859,person,0.91
2025-11-28 08:12:17.727859,person,0.66
2025-11-28 08:12:17.783836,person,0.90
2025-11-28 08:12:17.783836,person,0.63
2025-11-28 08:12:17.841460,person,0.90
2025-11-28 08:12:17.842461,person,0.60
2025-11-28 08:12:17.909140,person,0.91
2025-11-28 08:12:17.910144,person,0.63
2025-11-28 08:12:17.965901,person,0.91
2025-11-28 08:12:17.967408,person,0.56
2025-11-28 08:12:18.022056,person,0.91
2025-11-28 08:12:18.023057,person,0.59
2025-11-28 08:12:18.078994,person,0.91
2025-11-28 08:12:18.079992,person,0.52
2025-11-28 08:12:18.145633,person,0.91
2025-11-28 08:12:18.146632,person,0.63
2025-11-28 08:12:18.218709,person,0.93
2025-11-28 08:12:18.218709,person,0.55
2025-11-28 08:12:18.277804,person,0.88
2025-11-28 08:12:18.352053,person,0.90
2025-11-28 08:12:18.352053,person,0.61
2025-11-28 08:12:18.408698,person,0.90
2025-11-28 08:12:18.467840,person,0.92
2025-11-28 08:12:18.467840,person,0.69
2025-11-28 08:12:18.538054,person,0.86
2025-11-28 08:12:18.538054,person,0.63
2025-11-28 08:12:18.593177,person,0.89
2025-11-28 08:12:18.594177,person,0.61
2025-11-28 08:12:18.649906,person,0.90
2025-11-28 08:12:18.649906,person,0.65
2025-11-28 08:12:18.713635,person,0.90
2025-11-28 08:12:18.713635,person,0.65
2025-11-28 08:12:18.768745,person,0.90
2025-11-28 08:12:18.769745,person,0.77
2025-11-28 08:12:18.825919,person,0.91
2025-11-28 08:12:18.825919,person,0.62
2025-11-28 08:12:18.883547,person,0.91
2025-11-28 08:12:18.884552,person,0.68
2025-11-28 08:12:18.942740,person,0.91
2025-11-28 08:12:18.943738,person,0.65
2025-11-28 08:12:19.014962,person,0.91
2025-11-28 08:12:19.015964,person,0.68
2025-11-28 08:12:19.015964,person,0.51
2025-11-28 08:12:19.071589,person,0.92
2025-11-28 08:12:19.072594,person,0.70
2025-11-28 08:12:19.136220,person,0.92
2025-11-28 08:12:19.137724,person,0.56
2025-11-28 08:12:19.192972,person,0.93
2025-11-28 08:12:19.194441,person,0.67
2025-11-28 08:12:19.251071,person,0.92
2025-11-28 08:12:19.252072,person,0.68
2025-11-28 08:12:19.322838,person,0.92
2025-11-28 08:12:19.322838,person,0.75
2025-11-28 08:12:19.323838,person,0.52
2025-11-28 08:12:19.386005,person,0.92
2025-11-28 08:12:19.387514,person,0.67
2025-11-28 08:12:19.444187,person,0.91
2025-11-28 08:12:19.445186,person,0.67
2025-11-28 08:12:19.501354,person,0.92
2025-11-28 08:12:19.502353,person,0.67
2025-11-28 08:12:19.574547,person,0.92
2025-11-28 08:12:19.574547,person,0.75
2025-11-28 08:12:19.632717,person,0.92
2025-11-28 08:12:19.632717,person,0.61
2025-11-28 08:12:19.689927,person,0.91
2025-11-28 08:12:19.689927,person,0.73
2025-11-28 08:12:19.749431,person,0.91
2025-11-28 08:12:19.749431,person,0.73
2025-11-28 08:12:19.806499,person,0.91
2025-11-28 08:12:19.806499,person,0.55
2025-11-28 08:12:19.860521,person,0.91
2025-11-28 08:12:19.860521,person,0.62
2025-11-28 08:12:19.915433,person,0.91
2025-11-28 08:12:19.916434,person,0.66
2025-11-28 08:12:19.974658,person,0.91
2025-11-28 08:12:19.974658,person,0.61
2025-11-28 08:12:20.031298,person,0.91
2025-11-28 08:12:20.032298,person,0.57
2025-11-28 08:12:20.087403,person,0.91
2025-11-28 08:12:20.088408,person,0.65
2025-11-28 08:12:20.158111,person,0.91
2025-11-28 08:12:20.159117,person,0.60
2025-11-28 08:12:20.221324,person,0.92
2025-11-28 08:12:20.222834,person,0.64
2025-11-28 08:12:20.281491,person,0.92
2025-11-28 08:12:20.281491,person,0.62
2025-11-28 08:12:20.345615,person,0.93
2025-11-28 08:12:20.345615,person,0.59
2025-11-28 08:12:20.418080,person,0.91
2025-11-28 08:12:20.418080,person,0.81
2025-11-28 08:12:20.485422,person,0.91
2025-11-28 08:12:20.486422,person,0.81
2025-11-28 08:12:20.540572,person,0.92
2025-11-28 08:12:20.541576,person,0.68
2025-11-28 08:12:20.596299,person,0.91
2025-11-28 08:12:20.596299,person,0.78
2025-11-28 08:12:20.651929,person,0.92
2025-11-28 08:12:20.651929,person,0.73
2025-11-28 08:12:20.709026,person,0.92
2025-11-28 08:12:20.710027,person,0.74
2025-11-28 08:12:20.766125,person,0.92
2025-11-28 08:12:20.766125,person,0.56
2025-11-28 08:12:20.822642,person,0.92
2025-11-28 08:12:20.823647,person,0.78
2025-11-28 08:12:20.882102,person,0.92
2025-11-28 08:12:20.882102,person,0.79
2025-11-28 08:12:20.943587,person,0.92
2025-11-28 08:12:20.944589,person,0.78
2025-11-28 08:12:20.999687,person,0.93
2025-11-28 08:12:21.000693,person,0.83
2025-11-28 08:12:21.057863,person,0.92
2025-11-28 08:12:21.058872,person,0.82
2025-11-28 08:12:21.114743,person,0.92
2025-11-28 08:12:21.114743,person,0.84
2025-11-28 08:12:21.178420,person,0.91
2025-11-28 08:12:21.178420,person,0.85
2025-11-28 08:12:21.241144,person,0.93
2025-11-28 08:12:21.242170,person,0.82
2025-11-28 08:12:21.299048,person,0.93
2025-11-28 08:12:21.299048,person,0.81
2025-11-28 08:12:21.356204,person,0.92
2025-11-28 08:12:21.356204,person,0.76
2025-11-28 08:12:21.411574,person,0.92
2025-11-28 08:12:21.412578,person,0.79
2025-11-28 08:12:21.470339,person,0.92
2025-11-28 08:12:21.471339,person,0.76
2025-11-28 08:12:21.527525,person,0.93
2025-11-28 08:12:21.528543,person,0.79
2025-11-28 08:12:21.586168,person,0.92
2025-11-28 08:12:21.586168,person,0.78
2025-11-28 08:12:21.641782,person,0.92
2025-11-28 08:12:21.642777,person,0.82
2025-11-28 08:12:21.714656,person,0.91
2025-11-28 08:12:21.714656,person,0.85
2025-11-28 08:12:21.771641,person,0.90
2025-11-28 08:12:21.772641,person,0.84
2025-11-28 08:12:21.826776,person,0.91
2025-11-28 08:12:21.827776,person,0.85
2025-11-28 08:12:21.883638,person,0.91
2025-11-28 08:12:21.884638,person,0.83
2025-11-28 08:12:21.945833,person,0.89
2025-11-28 08:12:21.945833,person,0.85
2025-11-28 08:12:22.007960,person,0.90
2025-11-28 08:12:22.007960,person,0.83
2025-11-28 08:12:22.073588,person,0.88
2025-11-28 08:12:22.073588,person,0.84
2025-11-28 08:12:22.128744,person,0.92
2025-11-28 08:12:22.129744,person,0.86
2025-11-28 08:12:22.198844,person,0.91
2025-11-28 08:12:22.198844,person,0.84
2025-11-28 08:12:22.255567,person,0.92
2025-11-28 08:12:22.255567,person,0.85
2025-11-28 08:12:22.309471,person,0.91
2025-11-28 08:12:22.310480,person,0.85
2025-11-28 08:12:22.367619,person,0.90
2025-11-28 08:12:22.367619,person,0.84
2025-11-28 08:12:22.434302,person,0.93
2025-11-28 08:12:22.435306,person,0.82
2025-11-28 08:12:22.491483,person,0.92
2025-11-28 08:12:22.491483,person,0.85
2025-11-28 08:12:22.548965,person,0.92
2025-11-28 08:12:22.548965,person,0.82
2025-11-28 08:12:22.605606,person,0.91
2025-11-28 08:12:22.606605,person,0.85
2025-11-28 08:12:22.660853,person,0.92
2025-11-28 08:12:22.661853,person,0.85
2025-11-28 08:12:22.717620,person,0.92
2025-11-28 08:12:22.718124,person,0.86
2025-11-28 08:12:22.776669,person,0.91
2025-11-28 08:12:22.776669,person,0.84
2025-11-28 08:12:22.833820,person,0.90
2025-11-28 08:12:22.833820,person,0.83
2025-11-28 08:12:22.902983,person,0.91
2025-11-28 08:12:22.902983,person,0.82
2025-11-28 08:12:22.961619,person,0.92
2025-11-28 08:12:22.961619,person,0.82
2025-11-28 08:12:23.031761,person,0.91
2025-11-28 08:12:23.032760,person,0.82
2025-11-28 08:12:23.111435,person,0.91
2025-11-28 08:12:23.112433,person,0.80
2025-11-28 08:12:23.169076,person,0.91
2025-11-28 08:12:23.169076,person,0.81
2025-11-28 08:12:23.228723,person,0.90
2025-11-28 08:12:23.228723,person,0.79
2025-11-28 08:12:23.286319,person,0.92
2025-11-28 08:12:23.286319,person,0.81
2025-11-28 08:12:23.342422,person,0.90
2025-11-28 08:12:23.342422,person,0.81
2025-11-28 08:12:23.408063,person,0.90
2025-11-28 08:12:23.408063,person,0.81
2025-11-28 08:12:23.464277,person,0.90
2025-11-28 08:12:23.464277,person,0.78
2025-11-28 08:12:23.535498,person,0.91
2025-11-28 08:12:23.535498,person,0.80
2025-11-28 08:12:23.592428,person,0.91
2025-11-28 08:12:23.593431,person,0.79
2025-11-28 08:12:23.658411,person,0.91
2025-11-28 08:12:23.659410,person,0.81
2025-11-28 08:12:23.715267,person,0.91
2025-11-28 08:12:23.716267,person,0.80
2025-11-28 08:12:23.772287,person,0.91
2025-11-28 08:12:23.773287,person,0.80
2025-11-28 08:12:23.836120,person,0.89
2025-11-28 08:12:23.837623,person,0.81
2025-11-28 08:12:23.893170,person,0.91
2025-11-28 08:12:23.894170,person,0.82
2025-11-28 08:12:23.948117,person,0.92
2025-11-28 08:12:23.999222,person,0.79
2025-11-28 08:12:24.055373,person,0.92
2025-11-28 08:12:24.055373,person,0.76
2025-11-28 08:12:24.118435,person,0.93
2025-11-28 08:12:24.118435,person,0.83
2025-11-28 08:12:24.174212,person,0.91
2025-11-28 08:12:24.175211,person,0.77
2025-11-28 08:12:24.231371,person,0.92
2025-11-28 08:12:24.232372,person,0.77
2025-11-28 08:12:24.289475,person,0.92
2025-11-28 08:12:24.289475,person,0.77
2025-11-28 08:12:24.352184,person,0.92
2025-11-28 08:12:24.353184,person,0.79
2025-11-28 08:12:24.410275,person,0.92
2025-11-28 08:12:24.411277,person,0.78
2025-11-28 08:12:24.467407,person,0.92
2025-11-28 08:12:24.468412,person,0.79
2025-11-28 08:12:24.523119,person,0.92
2025-11-28 08:12:24.523119,person,0.78
2025-11-28 08:12:24.587301,person,0.92
2025-11-28 08:12:24.587809,person,0.76
2025-11-28 08:12:24.642966,person,0.94
2025-11-28 08:12:24.643966,person,0.76
2025-11-28 08:12:24.700340,person,0.93
2025-11-28 08:12:24.700340,person,0.78
2025-11-28 08:12:24.757529,person,0.94
2025-11-28 08:12:24.758539,person,0.76
2025-11-28 08:12:24.811761,person,0.94
2025-11-28 08:12:24.812761,person,0.76
2025-11-28 08:12:24.868409,person,0.94
2025-11-28 08:12:24.869405,person,0.76
2025-11-28 08:12:24.926200,person,0.94
2025-11-28 08:12:24.926200,person,0.79
2025-11-28 08:12:24.995882,person,0.93
2025-11-28 08:12:24.997386,person,0.80
2025-11-28 08:12:25.052530,person,0.93
2025-11-28 08:12:25.053530,person,0.81
2025-11-28 08:12:25.107893,person,0.93
2025-11-28 08:12:25.108897,person,0.81
2025-11-28 08:12:25.165008,person,0.93
2025-11-28 08:12:25.166011,person,0.79
2025-11-28 08:12:25.223214,person,0.92
2025-11-28 08:12:25.224214,person,0.80
2025-11-28 08:12:25.279892,person,0.92
2025-11-28 08:12:25.279892,person,0.78
2025-11-28 08:12:25.339238,person,0.92
2025-11-28 08:12:25.340236,person,0.79
2025-11-28 08:12:25.396357,person,0.92
2025-11-28 08:12:25.397861,person,0.80
2025-11-28 08:12:25.454520,person,0.92
2025-11-28 08:12:25.454520,person,0.82
2025-11-28 08:12:25.513701,person,0.92
2025-11-28 08:12:25.514692,person,0.82
2025-11-28 08:12:25.570840,person,0.92
2025-11-28 08:12:25.571844,person,0.81
2025-11-28 08:12:25.637799,person,0.92
2025-11-28 08:12:25.637799,person,0.81
2025-11-28 08:12:25.692938,person,0.91
2025-11-28 08:12:25.693940,person,0.81
2025-11-28 08:12:25.750582,person,0.88
2025-11-28 08:12:25.751582,person,0.78
2025-11-28 08:12:25.851282,person,0.88
2025-11-28 08:12:25.852280,person,0.78
2025-11-28 08:12:25.907588,person,0.92
2025-11-28 08:12:25.908593,person,0.80
2025-11-28 08:12:25.965186,person,0.93
2025-11-28 08:12:25.966185,person,0.76
2025-11-28 08:12:26.022335,person,0.91
2025-11-28 08:12:26.023339,person,0.83
2025-11-28 08:12:26.078633,person,0.91
2025-11-28 08:12:26.079634,person,0.82
2025-11-28 08:12:26.134738,person,0.91
2025-11-28 08:12:26.135740,person,0.82
2025-11-28 08:12:26.191504,person,0.91
2025-11-28 08:12:26.192502,person,0.79
2025-11-28 08:12:26.249169,person,0.90
2025-11-28 08:12:26.250175,person,0.76
2025-11-28 08:12:26.306306,person,0.90
2025-11-28 08:12:26.306306,person,0.73
2025-11-28 08:12:26.380048,person,0.90
2025-11-28 08:12:26.380048,person,0.78
2025-11-28 08:12:26.437698,person,0.91
2025-11-28 08:12:26.438703,person,0.79
2025-11-28 08:12:26.493256,person,0.91
2025-11-28 08:12:26.493256,person,0.76
2025-11-28 08:12:26.552935,person,0.92
2025-11-28 08:12:26.552935,person,0.76
2025-11-28 08:12:26.616623,person,0.92
2025-11-28 08:12:26.617626,person,0.76
2025-11-28 08:12:26.671744,person,0.91
2025-11-28 08:12:26.672745,person,0.77
2025-11-28 08:12:26.730203,person,0.89
2025-11-28 08:12:26.731202,person,0.72
2025-11-28 08:12:26.788827,person,0.90
2025-11-28 08:12:26.788827,person,0.75
2025-11-28 08:12:26.847827,person,0.87
2025-11-28 08:12:26.848832,person,0.78
2025-11-28 08:12:26.901952,person,0.88
2025-11-28 08:12:26.902952,person,0.79
2025-11-28 08:12:26.960468,person,0.90
2025-11-28 08:12:26.960468,person,0.80
2025-11-28 08:12:27.017585,person,0.91
2025-11-28 08:12:27.018091,person,0.84
2025-11-28 08:12:27.075991,person,0.91
2025-11-28 08:12:27.077495,person,0.75
2025-11-28 08:12:27.133661,person,0.90
2025-11-28 08:12:27.134662,person,0.69
2025-11-28 08:12:27.189841,person,0.90
2025-11-28 08:12:27.189841,person,0.76
2025-11-28 08:12:27.249355,person,0.90
2025-11-28 08:12:27.250362,person,0.75
2025-11-28 08:12:27.305467,person,0.89
2025-11-28 08:12:27.306475,person,0.79
2025-11-28 08:12:27.363077,person,0.89
2025-11-28 08:12:27.363077,person,0.83
2025-11-28 08:12:27.420159,person,0.89
2025-11-28 08:12:27.421165,person,0.78
2025-11-28 08:12:27.477297,person,0.89
2025-11-28 08:12:27.477800,person,0.77
2025-11-28 08:12:27.532678,person,0.89
2025-11-28 08:12:27.532678,person,0.82
2025-11-28 08:12:27.587968,person,0.90
2025-11-28 08:12:27.587968,person,0.81
2025-11-28 08:12:27.644413,person,0.90
2025-11-28 08:12:27.645412,person,0.78
2025-11-28 08:12:27.704266,person,0.91
2025-11-28 08:12:27.705770,person,0.76
2025-11-28 08:12:27.773713,person,0.90
2025-11-28 08:12:27.774861,person,0.83
2025-11-28 08:12:27.839103,person,0.90
2025-11-28 08:12:27.840265,person,0.73
2025-11-28 08:12:27.899596,person,0.90
2025-11-28 08:12:27.900582,person,0.76
2025-11-28 08:12:27.956237,person,0.90
2025-11-28 08:12:27.957740,person,0.80
2025-11-28 08:12:28.014377,person,0.91
2025-11-28 08:12:28.014377,person,0.85
2025-11-28 08:12:28.070509,person,0.91
2025-11-28 08:12:28.070509,person,0.80
2025-11-28 08:12:28.139186,person,0.90
2025-11-28 08:12:28.139186,person,0.81
2025-11-28 08:12:28.197447,person,0.91
2025-11-28 08:12:28.197447,person,0.81
2025-11-28 08:12:28.253925,person,0.91
2025-11-28 08:12:28.254926,person,0.83
2025-11-28 08:12:28.310655,person,0.90
2025-11-28 08:12:28.311655,person,0.81
2025-11-28 08:12:28.368846,person,0.91
2025-11-28 08:12:28.368846,person,0.78
2025-11-28 08:12:28.427616,person,0.90
2025-11-28 08:12:28.428119,person,0.82
2025-11-28 08:12:28.485347,person,0.91
2025-11-28 08:12:28.486347,person,0.83
2025-11-28 08:12:28.566246,person,0.88
2025-11-28 08:12:28.566246,person,0.80
2025-11-28 08:12:28.621501,person,0.90
2025-11-28 08:12:28.622501,person,0.82
2025-11-28 08:12:28.678675,person,0.89
2025-11-28 08:12:28.678675,person,0.84
2025-11-28 08:12:28.735261,person,0.89
2025-11-28 08:12:28.736261,person,0.82
2025-11-28 08:12:28.736261,person,0.54
2025-11-28 08:12:28.797893,person,0.87
2025-11-28 08:12:28.798900,person,0.82
2025-11-28 08:12:28.855548,person,0.88
2025-11-28 08:12:28.855548,person,0.83
2025-11-28 08:12:28.921736,person,0.89
2025-11-28 08:12:28.921736,person,0.79
2025-11-28 08:12:28.923179,person,0.53
2025-11-28 08:12:28.987324,person,0.90
2025-11-28 08:12:28.987324,person,0.83
2025-11-28 08:12:29.045998,person,0.90
2025-11-28 08:12:29.047506,person,0.82
2025-11-28 08:12:29.047506,person,0.51
2025-11-28 08:12:29.103589,person,0.89
2025-11-28 08:12:29.103589,person,0.79
2025-11-28 08:12:29.161205,person,0.90
2025-11-28 08:12:29.161205,person,0.78
2025-11-28 08:12:29.219096,person,0.91
2025-11-28 08:12:29.220097,person,0.79
2025-11-28 08:12:29.275225,person,0.90
2025-11-28 08:12:29.276224,person,0.80
2025-11-28 08:12:29.333380,person,0.89
2025-11-28 08:12:29.333380,person,0.80
2025-11-28 08:12:29.394492,person,0.89
2025-11-28 08:12:29.394492,person,0.77
2025-11-28 08:12:29.454498,person,0.88
2025-11-28 08:12:29.454498,person,0.79
2025-11-28 08:12:29.512178,person,0.87
2025-11-28 08:12:29.512178,person,0.76
2025-11-28 08:12:29.571598,person,0.87
2025-11-28 08:12:29.572599,person,0.76
2025-11-28 08:12:29.630585,person,0.85
2025-11-28 08:12:29.630585,person,0.79
2025-11-28 08:12:29.685809,person,0.87
2025-11-28 08:12:29.685809,person,0.76
2025-11-28 08:12:29.748240,person,0.84
2025-11-28 08:12:29.749244,person,0.83
2025-11-28 08:12:29.804064,person,0.85
2025-11-28 08:12:29.805065,person,0.83
2025-11-28 08:12:29.861704,person,0.87
2025-11-28 08:12:29.862704,person,0.86
2025-11-28 08:12:29.981973,person,0.87
2025-11-28 08:12:29.982974,person,0.86
2025-11-28 08:12:30.039646,person,0.87
2025-11-28 08:12:30.039646,person,0.81
2025-11-28 08:12:30.097563,person,0.87
2025-11-28 08:12:30.097563,person,0.85
2025-11-28 08:12:30.169235,person,0.87
2025-11-28 08:12:30.170236,person,0.82
2025-11-28 08:12:30.225968,person,0.89
2025-11-28 08:12:30.225968,person,0.85
2025-11-28 08:12:30.295581,person,0.89
2025-11-28 08:12:30.295581,person,0.82
2025-11-28 08:12:30.356269,person,0.89
2025-11-28 08:12:30.356269,person,0.83
2025-11-28 08:12:30.412915,person,0.89
2025-11-28 08:12:30.413914,person,0.83
2025-11-28 08:12:30.470104,person,0.88
2025-11-28 08:12:30.471105,person,0.85
2025-11-28 08:12:30.528414,person,0.89
2025-11-28 08:12:30.529420,person,0.84
2025-11-28 08:12:30.584010,person,0.89
2025-11-28 08:12:30.585009,person,0.81
2025-11-28 08:12:30.650792,person,0.88
2025-11-28 08:12:30.651792,person,0.81
2025-11-28 08:12:30.707901,person,0.86
2025-11-28 08:12:30.709404,person,0.81
2025-11-28 08:12:30.776796,person,0.87
2025-11-28 08:12:30.777306,person,0.83
2025-11-28 08:12:30.830966,person,0.89
2025-11-28 08:12:30.831967,person,0.83
2025-11-28 08:12:30.885977,person,0.87
2025-11-28 08:12:30.887482,person,0.82
2025-11-28 08:12:30.945603,person,0.87
2025-11-28 08:12:30.946603,person,0.81
2025-11-28 08:12:31.003300,person,0.88
2025-11-28 08:12:31.004294,person,0.79
2025-11-28 08:12:31.059441,person,0.86
2025-11-28 08:12:31.060447,person,0.82
2025-11-28 08:12:31.115697,person,0.79
2025-11-28 08:12:31.115697,person,0.79
2025-11-28 08:12:31.173650,person,0.83
2025-11-28 08:12:31.174650,person,0.81
2025-11-28 08:12:31.231594,person,0.80
2025-11-28 08:12:31.231594,person,0.80
2025-11-28 08:12:31.354421,person,0.80
2025-11-28 08:12:31.355421,person,0.77
2025-11-28 08:12:31.412123,person,0.83
2025-11-28 08:12:31.413124,person,0.80
2025-11-28 08:12:31.469367,person,0.84
2025-11-28 08:12:31.470367,person,0.82
2025-11-28 08:12:31.529603,person,0.83
2025-11-28 08:12:31.529603,person,0.81
2025-11-28 08:12:31.592739,person,0.81
2025-11-28 08:12:31.593739,person,0.79
2025-11-28 08:12:31.648887,person,0.85
2025-11-28 08:12:31.649890,person,0.81
2025-11-28 08:12:31.705514,person,0.84
2025-11-28 08:12:31.706513,person,0.82
2025-11-28 08:12:31.763145,person,0.91
2025-11-28 08:12:31.763145,person,0.78
2025-11-28 08:12:31.816289,person,0.88
2025-11-28 08:12:31.817794,person,0.78
2025-11-28 08:12:31.873795,person,0.86
2025-11-28 08:12:31.873795,person,0.77
2025-11-28 08:12:31.928944,person,0.86
2025-11-28 08:12:31.928944,person,0.77
2025-11-28 08:12:31.998608,person,0.84
2025-11-28 08:12:31.999608,person,0.79
2025-11-28 08:12:32.061237,person,0.84
2025-11-28 08:12:32.062236,person,0.82
2025-11-28 08:12:32.125468,person,0.83
2025-11-28 08:12:32.125468,person,0.80
2025-11-28 08:12:32.190189,person,0.84
2025-11-28 08:12:32.190189,person,0.84
2025-11-28 08:12:32.250653,person,0.84
2025-11-28 08:12:32.251651,person,0.84
2025-11-28 08:12:32.313289,person,0.85
2025-11-28 08:12:32.314289,person,0.81
2025-11-28 08:12:32.369420,person,0.85
2025-11-28 08:12:32.370428,person,0.80
2025-11-28 08:12:32.426061,person,0.88
2025-11-28 08:12:32.427566,person,0.78
2025-11-28 08:12:32.482716,person,0.88
2025-11-28 08:12:32.482716,person,0.79
2025-11-28 08:12:32.550349,person,0.88
2025-11-28 08:12:32.551348,person,0.81
2025-11-28 08:12:32.606254,person,0.88
2025-11-28 08:12:32.606254,person,0.80
2025-11-28 08:12:32.665927,person,0.89
2025-11-28 08:12:32.665927,person,0.80
2025-11-28 08:12:32.723577,person,0.89
2025-11-28 08:12:32.725087,person,0.81
2025-11-28 08:12:32.782760,person,0.89
2025-11-28 08:12:32.782760,person,0.81
2025-11-28 08:12:32.856053,person,0.91
2025-11-28 08:12:32.856053,person,0.83
2025-11-28 08:12:32.911668,person,0.91
2025-11-28 08:12:32.911668,person,0.82
2025-11-28 08:12:32.969301,person,0.91
2025-11-28 08:12:32.969301,person,0.82
2025-11-28 08:12:33.024433,person,0.90
2025-11-28 08:12:33.024433,person,0.87
2025-11-28 08:12:33.080555,person,0.91
2025-11-28 08:12:33.081554,person,0.83
2025-11-28 08:12:33.136200,person,0.91
2025-11-28 08:12:33.137703,person,0.84
2025-11-28 08:12:33.193816,person,0.89
2025-11-28 08:12:33.193816,person,0.72
2025-11-28 08:12:33.251436,person,0.91
2025-11-28 08:12:33.251436,person,0.85
2025-11-28 08:12:33.311001,person,0.90
2025-11-28 08:12:33.311001,person,0.81
2025-11-28 08:12:33.368616,person,0.91
2025-11-28 08:12:33.368616,person,0.85
2025-11-28 08:12:33.430121,person,0.91
2025-11-28 08:12:33.431127,person,0.80
2025-11-28 08:12:33.492432,person,0.91
2025-11-28 08:12:33.493432,person,0.81
2025-11-28 08:12:33.554619,person,0.91
2025-11-28 08:12:33.555619,person,0.80
2025-11-28 08:12:33.615240,person,0.90
2025-11-28 08:12:33.615240,person,0.78
2025-11-28 08:12:33.670749,person,0.90
2025-11-28 08:12:33.670749,person,0.81
2025-11-28 08:12:33.728940,person,0.90
2025-11-28 08:12:33.729951,person,0.83
2025-11-28 08:12:33.785602,person,0.90
2025-11-28 08:12:33.786602,person,0.82
2025-11-28 08:12:33.848570,person,0.89
2025-11-28 08:12:33.848570,person,0.82
2025-11-28 08:12:33.912999,person,0.88
2025-11-28 08:12:33.914506,person,0.80
2025-11-28 08:12:33.971264,person,0.88
2025-11-28 08:12:33.971264,person,0.84
2025-11-28 08:12:34.049875,person,0.86
2025-11-28 08:12:34.050878,person,0.83
2025-11-28 08:12:34.118547,person,0.86
2025-11-28 08:12:34.118547,person,0.82
2025-11-28 08:12:34.176691,person,0.85
2025-11-28 08:12:34.177687,person,0.82
2025-11-28 08:12:34.235839,person,0.85
2025-11-28 08:12:34.235839,person,0.85
2025-11-28 08:12:34.290492,person,0.86
2025-11-28 08:12:34.291493,person,0.84
2025-11-28 08:12:34.354637,person,0.88
2025-11-28 08:12:34.354637,person,0.86
2025-11-28 08:12:34.417804,person,0.89
2025-11-28 08:12:34.418811,person,0.87
2025-11-28 08:12:34.479883,person,0.91
2025-11-28 08:12:34.480893,person,0.85
2025-11-28 08:12:34.539714,person,0.91
2025-11-28 08:12:34.540722,person,0.87
2025-11-28 08:12:34.595313,person,0.89
2025-11-28 08:12:34.596313,person,0.84
2025-11-28 08:12:34.650956,person,0.89
2025-11-28 08:12:34.668485,person,0.83
2025-11-28 08:12:34.724664,person,0.91
2025-11-28 08:12:34.724664,person,0.86
2025-11-28 08:12:34.793855,person,0.89
2025-11-28 08:12:34.793855,person,0.84
2025-11-28 08:12:34.848742,person,0.89
2025-11-28 08:12:34.849753,person,0.86
2025-11-28 08:12:34.906334,person,0.89
2025-11-28 08:12:34.907339,person,0.86
2025-11-28 08:12:34.965688,person,0.90
2025-11-28 08:12:34.965688,person,0.86
2025-11-28 08:12:35.023249,person,0.88
2025-11-28 08:12:35.023249,person,0.84
2025-11-28 08:12:35.089607,person,0.87
2025-11-28 08:12:35.090610,person,0.86
2025-11-28 08:12:35.145129,person,0.88
2025-11-28 08:12:35.146440,person,0.85
2025-11-28 08:12:35.203597,person,0.88
2025-11-28 08:12:35.203597,person,0.86
2025-11-28 08:12:35.262557,person,0.89
2025-11-28 08:12:35.263557,person,0.86
2025-11-28 08:12:35.325955,person,0.87
2025-11-28 08:12:35.325955,person,0.87
2025-11-28 08:12:35.406633,person,0.87
2025-11-28 08:12:35.407635,person,0.87
2025-11-28 08:12:35.463798,person,0.87
2025-11-28 08:12:35.464797,person,0.86
2025-11-28 08:12:35.528943,person,0.91
2025-11-28 08:12:35.529947,person,0.87
2025-11-28 08:12:35.585260,person,0.91
2025-11-28 08:12:35.585260,person,0.86
2025-11-28 08:12:35.654440,person,0.92
2025-11-28 08:12:35.655440,person,0.83
2025-11-28 08:12:35.709563,person,0.91
2025-11-28 08:12:35.710571,person,0.85
2025-11-28 08:12:35.767031,person,0.89
2025-11-28 08:12:35.767538,person,0.87
2025-11-28 08:12:35.823331,person,0.90
2025-11-28 08:12:35.823331,person,0.85
2025-11-28 08:12:35.880968,person,0.88
2025-11-28 08:12:35.880968,person,0.85
2025-11-28 08:12:35.936778,person,0.86
2025-11-28 08:12:35.937779,person,0.86
2025-11-28 08:12:35.995275,person,0.86
2025-11-28 08:12:35.995275,person,0.84
2025-11-28 08:12:36.050869,person,0.87
2025-11-28 08:12:36.051869,person,0.87
2025-11-28 08:12:36.120533,person,0.90
2025-11-28 08:12:36.120533,person,0.85
2025-11-28 08:12:36.177561,person,0.88
2025-11-28 08:12:36.177561,person,0.86
2025-11-28 08:12:36.234739,person,0.89
2025-11-28 08:12:36.235739,person,0.86
